{"cameraMode":{"drawMode":0,"name":"Shaded","section":"Shading Mode"},"sceneLighting":false,"audioPlay":false,"sceneViewState":{"m_AlwaysRefresh":false,"showFog":true,"showSkybox":true,"showFlares":true,"showImageEffects":true,"showParticleSystems":true,"showVisualEffectGraphs":true,"m_FxEnabled":true},"in2DMode":false,"pivot":{"x":5.283303737640381,"y":2.465207576751709,"z":13.014168739318848},"rotation":{"x":0.025190630927681924,"y":0.035975661128759387,"z":-0.0009077027789317071,"w":0.9990314841270447},"size":12.123184204101563,"orthographic":false}